collected_at,store,title,href,sold_out,remaining_count,total_count,price_krw,stock_state,status_text,raw_text
2026-10-08T19:30:26,피가쿠지,드래곤볼GT,,False,63,80,16000,63 left,"피가쿠지즉시구매공식쿠지드래곤볼GT남은 63 / 80장79%할인₩17,0006%₩16,000 / 1장참여하기!","피가쿠지즉시구매공식쿠지드래곤볼GT남은 63 / 80장79%할인₩17,0006%₩16,000 / 1장참여하기!"
2026-10-08T19:30:26,피가쿠지,헌터x헌터 ZAOLDYECK FAMILY,,False,29,70,16000,29 left,"피가쿠지즉시구매공식쿠지헌터x헌터 ZAOLDYECK FAMILY남은 29 / 70장41%할인₩18,00011%₩16,000 / 1장참여하기!","피가쿠지즉시구매공식쿠지헌터x헌터 ZAOLDYECK FAMILY남은 29 / 70장41%할인₩18,00011%₩16,000 / 1장참여하기!"
2026-10-08T19:30:26,피가쿠지,은혼 탄생 20주년 기념,,False,13,70,11000,13 left,"피가쿠지즉시구매공식쿠지은혼 탄생 20주년 기념남은 13 / 70장19%할인₩13,00015%₩11,000 / 1장참여하기!","피가쿠지즉시구매공식쿠지은혼 탄생 20주년 기념남은 13 / 70장19%할인₩13,00015%₩11,000 / 1장참여하기!"
2026-10-08T19:30:26,피가쿠지,동방프로젝트,,False,43,60,15000,43 left,"피가쿠지즉시구매공식쿠지동방프로젝트남은 43 / 60장72%₩15,000 / 1장참여하기!","피가쿠지즉시구매공식쿠지동방프로젝트남은 43 / 60장72%₩15,000 / 1장참여하기!"
2026-10-08T19:30:26,피가쿠지,나의 히어로 아카데미아 ~언제까지나 손을 내미는 이야기~,,False,66,80,17000,66 left,"피가쿠지즉시구매공식쿠지나의 히어로 아카데미아 ~언제까지나 손을 내미는 이야기~남은 66 / 80장83%₩17,000 / 1장참여하기!","피가쿠지즉시구매공식쿠지나의 히어로 아카데미아 ~언제까지나 손을 내미는 이야기~남은 66 / 80장83%₩17,000 / 1장참여하기!"
2026-10-08T19:30:26,KUJI-PLAY,나의 히어로 아카데미아 ~최고의 히어로가 되기까지의 이야기~,,False,80,80,18000,80 left,"KUJI-PLAY즉시구매공식쿠지set.8) 나의 히어로 아카데미아 ~최고의 히어로가 되기까지의 이야기~남은 80 / 80장100%₩18,000 / 1장참여하기!","KUJI-PLAY즉시구매공식쿠지set.8) 나의 히어로 아카데미아 ~최고의 히어로가 되기까지의 이야기~남은 80 / 80장100%₩18,000 / 1장참여하기!"
2026-10-08T19:30:26,KUJI-PLAY,주술회전 중국한정,,False,24,80,13000,24 left,"KUJI-PLAY즉시구매공식쿠지set.1) 주술회전 중국한정남은 24 / 80장30%₩13,000 / 1장참여하기!","KUJI-PLAY즉시구매공식쿠지set.1) 주술회전 중국한정남은 24 / 80장30%₩13,000 / 1장참여하기!"
2026-10-08T19:30:26,KUJI-PLAYLIVE,ON공식쿠지set.1) 장송의 프리렌 ~새로운 모험~ 중국한정방송 매주 월~금 14시~19시,,False,62,80,17000,62 left,"KUJI-PLAYLIVE ON공식쿠지set.1) 장송의 프리렌 ~새로운 모험~ 중국한정방송: 매주 월~금 14시~19시남은 62 / 80장78%₩17,000 / 1장참여하기!","KUJI-PLAYLIVE ON공식쿠지set.1) 장송의 프리렌 ~새로운 모험~ 중국한정방송: 매주 월~금 14시~19시남은 62 / 80장78%₩17,000 / 1장참여하기!"
2026-10-08T19:30:26,KUJI-PLAYLIVE,장송의 프리렌 ~새로운 모험~ 중국한정방송 매주 월~금 14시~19시,,False,62,80,17000,62 left,"set.1) 장송의 프리렌 ~새로운 모험~ 중국한정방송: 매주 월~금 14시~19시남은 62 / 80장78%₩17,000 / 1장참여하기!","set.1) 장송의 프리렌 ~새로운 모험~ 중국한정방송: 매주 월~금 14시~19시남은 62 / 80장78%₩17,000 / 1장참여하기!"
2026-10-08T19:30:26,쿠지팝,5)나의 히어로 아카데미아 ~최고의 히어로가 되기까지의 이야기~,,False,80,80,18000,80 left,"쿠지팝즉시구매공식쿠지#5)나의 히어로 아카데미아 ~최고의 히어로가 되기까지의 이야기~남은 80 / 80장100%₩18,000 / 1장참여하기!","쿠지팝즉시구매공식쿠지#5)나의 히어로 아카데미아 ~최고의 히어로가 되기까지의 이야기~남은 80 / 80장100%₩18,000 / 1장참여하기!"
2026-10-08T19:30:26,피가쿠지,하츠네미쿠 2026 아쿠아리움,,False,34,73,17000,34 left,"피가쿠지즉시구매공식쿠지하츠네미쿠 2026 아쿠아리움남은 34 / 73장47%₩17,000 / 1장참여하기!","피가쿠지즉시구매공식쿠지하츠네미쿠 2026 아쿠아리움남은 34 / 73장47%₩17,000 / 1장참여하기!"
2026-10-08T19:30:26,2쿠지,1)승리의 여신 NIKKE CHAPTER7,,False,15,80,16000,15 left,"2쿠지즉시구매공식쿠지1)승리의 여신 NIKKE CHAPTER7남은 15 / 80장19%₩16,000 / 1장참여하기!","2쿠지즉시구매공식쿠지1)승리의 여신 NIKKE CHAPTER7남은 15 / 80장19%₩16,000 / 1장참여하기!"
2026-10-08T19:30:26,KUJI-PLAY,캐릭캐릭 체인지 ~나의 마음을 Unlock!~,,False,22,80,17000,22 left,"KUJI-PLAY즉시구매공식쿠지set.2) 캐릭캐릭 체인지 ~나의 마음을 Unlock!~남은 22 / 80장28%₩17,000 / 1장참여하기!","KUJI-PLAY즉시구매공식쿠지set.2) 캐릭캐릭 체인지 ~나의 마음을 Unlock!~남은 22 / 80장28%₩17,000 / 1장참여하기!"
2026-10-08T19:30:26,KUJI-PLAYLIVE,ON공식쿠지set.1) Spy x Family 중국한정 1탄방송 매주 월~금 14시~19시,,False,76,80,17000,76 left,"KUJI-PLAYLIVE ON공식쿠지set.1) Spy x Family 중국한정 1탄방송: 매주 월~금 14시~19시남은 76 / 80장95%₩17,000 / 1장참여하기!","KUJI-PLAYLIVE ON공식쿠지set.1) Spy x Family 중국한정 1탄방송: 매주 월~금 14시~19시남은 76 / 80장95%₩17,000 / 1장참여하기!"
2026-10-08T19:30:26,KUJI-PLAYLIVE,Spy x Family 중국한정 1탄방송 매주 월~금 14시~19시,,False,76,80,17000,76 left,"set.1) Spy x Family 중국한정 1탄방송: 매주 월~금 14시~19시남은 76 / 80장95%₩17,000 / 1장참여하기!","set.1) Spy x Family 중국한정 1탄방송: 매주 월~금 14시~19시남은 76 / 80장95%₩17,000 / 1장참여하기!"
2026-10-08T19:30:26,KUJI-PLAY,드래곤볼GT,,False,7,80,17000,7 left,"KUJI-PLAY즉시구매공식쿠지set.1) 드래곤볼GT남은 7 / 80장9%₩17,000 / 1장참여하기!","KUJI-PLAY즉시구매공식쿠지set.1) 드래곤볼GT남은 7 / 80장9%₩17,000 / 1장참여하기!"
2026-10-08T19:30:26,KUJI-PLAY,장송의 프리렌 ~새로운 모험~ 중국한정,,False,26,80,17000,26 left,"KUJI-PLAY즉시구매공식쿠지set.2) 장송의 프리렌 ~새로운 모험~ 중국한정남은 26 / 80장33%₩17,000 / 1장참여하기!","KUJI-PLAY즉시구매공식쿠지set.2) 장송의 프리렌 ~새로운 모험~ 중국한정남은 26 / 80장33%₩17,000 / 1장참여하기!"
2026-10-08T19:30:26,쿠지마켓,샵쿠지오버미쿠 쿠지,,False,28,60,10900,28 left,"쿠지마켓즉시구매샵쿠지오버미쿠 쿠지남은 28 / 60장47%할인₩17,00036%₩10,900 / 1장참여하기!","쿠지마켓즉시구매샵쿠지오버미쿠 쿠지남은 28 / 60장47%할인₩17,00036%₩10,900 / 1장참여하기!"
2026-10-08T19:30:26,쿠지마켓,오버미쿠 쿠지,,False,28,60,10900,28 left,"오버미쿠 쿠지남은 28 / 60장47%할인₩17,00036%₩10,900 / 1장참여하기!","오버미쿠 쿠지남은 28 / 60장47%할인₩17,00036%₩10,900 / 1장참여하기!"
2026-10-08T19:30:26,KUJI-PLAY,원피스 와노쿠니편 ~제3막~,,False,11,80,16000,11 left,"KUJI-PLAY즉시구매공식쿠지set.1) 원피스 와노쿠니편 ~제3막~남은 11 / 80장14%₩16,000 / 1장참여하기!","KUJI-PLAY즉시구매공식쿠지set.1) 원피스 와노쿠니편 ~제3막~남은 11 / 80장14%₩16,000 / 1장참여하기!"
2026-10-08T19:30:26,KUJI-PLAY,다마고치 ~ 빙글빙글 발견! Tamagotchi Paradise! ~,,False,51,66,14000,51 left,"KUJI-PLAY즉시구매공식쿠지set.1) 다마고치 ~ 빙글빙글 발견! Tamagotchi Paradise! ~남은 51 / 66장77%₩14,000 / 1장참여하기!","KUJI-PLAY즉시구매공식쿠지set.1) 다마고치 ~ 빙글빙글 발견! Tamagotchi Paradise! ~남은 51 / 66장77%₩14,000 / 1장참여하기!"
2026-10-08T19:30:26,KUJI-PLAY,쿠로미 마이멜로디 화장대 시리즈 중국한정,,False,21,80,16000,21 left,"KUJI-PLAY즉시구매공식쿠지set.1) 쿠로미 & 마이멜로디 화장대 시리즈 중국한정남은 21 / 80장26%₩16,000 / 1장참여하기!","KUJI-PLAY즉시구매공식쿠지set.1) 쿠로미 & 마이멜로디 화장대 시리즈 중국한정남은 21 / 80장26%₩16,000 / 1장참여하기!"
2026-10-08T19:30:26,쿠지팝,8)나의 히어로 아카데미아 ~언제까지나 손을 내미는 이야기~,,False,71,80,17000,71 left,"쿠지팝즉시구매공식쿠지#8)나의 히어로 아카데미아 ~언제까지나 손을 내미는 이야기~남은 71 / 80장89%₩17,000 / 1장참여하기!","쿠지팝즉시구매공식쿠지#8)나의 히어로 아카데미아 ~언제까지나 손을 내미는 이야기~남은 71 / 80장89%₩17,000 / 1장참여하기!"
2026-10-08T19:30:26,미쿠지,승리의 여신 NIKKE CHAPTER7,,False,66,80,15000,66 left,"미쿠지즉시구매공식쿠지승리의 여신 NIKKE CHAPTER7남은 66 / 80장83%할인₩18,00017%₩15,000 / 1장참여하기!","미쿠지즉시구매공식쿠지승리의 여신 NIKKE CHAPTER7남은 66 / 80장83%할인₩18,00017%₩15,000 / 1장참여하기!"
2026-10-08T19:30:26,쿠지팝,스티치 Every day with you!,,False,29,62,14000,29 left,"쿠지팝즉시구매공식쿠지스티치 Every day with you!남은 29 / 62장47%₩14,000 / 1장참여하기!","쿠지팝즉시구매공식쿠지스티치 Every day with you!남은 29 / 62장47%₩14,000 / 1장참여하기!"
2026-10-08T19:30:26,쿠지팝,4)나의 히어로 아카데미아 ~최고의 히어로가 되기까지의 이야기~,,False,67,80,18000,67 left,"쿠지팝즉시구매공식쿠지#4)나의 히어로 아카데미아 ~최고의 히어로가 되기까지의 이야기~남은 67 / 80장84%₩18,000 / 1장참여하기!","쿠지팝즉시구매공식쿠지#4)나의 히어로 아카데미아 ~최고의 히어로가 되기까지의 이야기~남은 67 / 80장84%₩18,000 / 1장참여하기!"
2026-10-08T19:30:26,쿠지마켓,샵쿠지포켓몬 오리파 쿠지,,False,87,180,18500,87 left,"쿠지마켓즉시구매샵쿠지포켓몬 오리파 쿠지남은 87 / 180장48%할인₩19,9907%₩18,500 / 1장참여하기!","쿠지마켓즉시구매샵쿠지포켓몬 오리파 쿠지남은 87 / 180장48%할인₩19,9907%₩18,500 / 1장참여하기!"
2026-10-08T19:30:26,쿠지마켓,포켓몬 오리파 쿠지,,False,87,180,18500,87 left,"포켓몬 오리파 쿠지남은 87 / 180장48%할인₩19,9907%₩18,500 / 1장참여하기!","포켓몬 오리파 쿠지남은 87 / 180장48%할인₩19,9907%₩18,500 / 1장참여하기!"
2026-10-08T19:30:26,쿠지팝,오미쿠지 장송의 프리렌,,False,37,60,10500,37 left,"쿠지팝즉시구매공식쿠지오미쿠지 장송의 프리렌남은 37 / 60장62%₩10,500 / 1장참여하기!","쿠지팝즉시구매공식쿠지오미쿠지 장송의 프리렌남은 37 / 60장62%₩10,500 / 1장참여하기!"
2026-10-08T19:30:26,피가쿠지,원피스 - 모험의 기억과 미래로의 항로 -,,False,78,80,15000,78 left,"피가쿠지즉시구매공식쿠지원피스 - 모험의 기억과 미래로의 항로 -남은 78 / 80장98%₩15,000 / 1장참여하기!","피가쿠지즉시구매공식쿠지원피스 - 모험의 기억과 미래로의 항로 -남은 78 / 80장98%₩15,000 / 1장참여하기!"
2026-10-08T19:30:26,쿠지팝,3)하이큐!! -카라스노의 미래-,,False,80,80,17000,80 left,"쿠지팝즉시구매공식쿠지#3)하이큐!! -카라스노의 미래-남은 80 / 80장100%₩17,000 / 1장참여하기!","쿠지팝즉시구매공식쿠지#3)하이큐!! -카라스노의 미래-남은 80 / 80장100%₩17,000 / 1장참여하기!"
2026-10-08T19:30:26,KUJI-PLAYLIVE,ON공식쿠지set.1) 장송의 프리렌방송 매주 월~금 14시~19시,,False,43,70,15000,43 left,"KUJI-PLAYLIVE ON공식쿠지set.1) 장송의 프리렌방송: 매주 월~금 14시~19시남은 43 / 70장61%₩15,000 / 1장참여하기!","KUJI-PLAYLIVE ON공식쿠지set.1) 장송의 프리렌방송: 매주 월~금 14시~19시남은 43 / 70장61%₩15,000 / 1장참여하기!"
2026-10-08T19:30:26,KUJI-PLAYLIVE,장송의 프리렌방송 매주 월~금 14시~19시,,False,43,70,15000,43 left,"set.1) 장송의 프리렌방송: 매주 월~금 14시~19시남은 43 / 70장61%₩15,000 / 1장참여하기!","set.1) 장송의 프리렌방송: 매주 월~금 14시~19시남은 43 / 70장61%₩15,000 / 1장참여하기!"
2026-10-08T19:30:26,쿠지팝,비질랜티 -나의 히어로 아카데미아 ILLEGALS-,,False,41,66,16000,41 left,"쿠지팝즉시구매공식쿠지비질랜티 -나의 히어로 아카데미아 ILLEGALS-남은 41 / 66장62%₩16,000 / 1장참여하기!","쿠지팝즉시구매공식쿠지비질랜티 -나의 히어로 아카데미아 ILLEGALS-남은 41 / 66장62%₩16,000 / 1장참여하기!"
2026-10-08T19:30:26,쿠지팝,원피스 - 엘바프 편 - GIANT BASH!! vol.2,,False,14,70,15000,14 left,"쿠지팝즉시구매공식쿠지원피스 - 엘바프 편 - GIANT BASH!! vol.2남은 14 / 70장20%₩15,000 / 1장참여하기!","쿠지팝즉시구매공식쿠지원피스 - 엘바프 편 - GIANT BASH!! vol.2남은 14 / 70장20%₩15,000 / 1장참여하기!"
2026-10-08T19:30:26,KUJI-PLAY,카드캡터 체리 25주년 중국한정,,False,34,65,19000,34 left,"KUJI-PLAY즉시구매공식쿠지set.2) 카드캡터 체리 25주년 중국한정남은 34 / 65장52%₩19,000 / 1장참여하기!","KUJI-PLAY즉시구매공식쿠지set.2) 카드캡터 체리 25주년 중국한정남은 34 / 65장52%₩19,000 / 1장참여하기!"
2026-10-08T19:30:26,쿠지모리,나루토 질풍전 ~카제카게 탈환편~,,False,38,70,15000,38 left,"쿠지모리즉시구매공식쿠지나루토 질풍전 ~카제카게 탈환편~남은 38 / 70장54%할인₩17,00012%₩15,000 / 1장참여하기!","쿠지모리즉시구매공식쿠지나루토 질풍전 ~카제카게 탈환편~남은 38 / 70장54%할인₩17,00012%₩15,000 / 1장참여하기!"
2026-10-08T19:30:26,쿠지팝,카드캡터체리 ~charmful collection~,,False,17,70,13000,17 left,"쿠지팝즉시구매공식쿠지카드캡터체리 ~charmful collection~남은 17 / 70장24%₩13,000 / 1장참여하기!","쿠지팝즉시구매공식쿠지카드캡터체리 ~charmful collection~남은 17 / 70장24%₩13,000 / 1장참여하기!"
2026-10-08T19:30:26,KUJI-PLAY,원피스EX Girls COLLECTION ~패권의 황~,,False,44,80,17000,44 left,"KUJI-PLAY즉시구매공식쿠지set.1) 원피스EX Girl's COLLECTION ~패권의 황~남은 44 / 80장55%₩17,000 / 1장참여하기!","KUJI-PLAY즉시구매공식쿠지set.1) 원피스EX Girl's COLLECTION ~패권의 황~남은 44 / 80장55%₩17,000 / 1장참여하기!"
2026-10-08T19:30:26,KUJI-PLAY,원피스 Legends over Time,,False,26,80,19000,26 left,"KUJI-PLAY즉시구매공식쿠지set.1) 원피스 Legends over Time남은 26 / 80장33%₩19,000 / 1장참여하기!","KUJI-PLAY즉시구매공식쿠지set.1) 원피스 Legends over Time남은 26 / 80장33%₩19,000 / 1장참여하기!"
2026-10-08T19:30:26,오레노굿즈,단다단 ~압도적 괴기 강습!~,,False,48,80,14000,48 left,"오레노굿즈즉시구매공식쿠지set.1) 단다단 ~압도적 괴기, 강습!~남은 48 / 80장60%₩14,000 / 1장참여하기!","오레노굿즈즉시구매공식쿠지set.1) 단다단 ~압도적 괴기, 강습!~남은 48 / 80장60%₩14,000 / 1장참여하기!"
2026-10-08T19:30:26,오레노굿즈,DMM 데스노트,,False,21,80,16000,21 left,"오레노굿즈즉시구매공식쿠지set.1) DMM 데스노트남은 21 / 80장26%₩16,000 / 1장참여하기!","오레노굿즈즉시구매공식쿠지set.1) DMM 데스노트남은 21 / 80장26%₩16,000 / 1장참여하기!"
2026-10-08T19:30:26,KUJI-PLAY,하츠네미쿠 애니멀파티 중국한정,,False,12,65,17000,12 left,"KUJI-PLAY즉시구매공식쿠지set.4) 하츠네미쿠 애니멀파티 중국한정남은 12 / 65장18%₩17,000 / 1장참여하기!","KUJI-PLAY즉시구매공식쿠지set.4) 하츠네미쿠 애니멀파티 중국한정남은 12 / 65장18%₩17,000 / 1장참여하기!"
2026-10-08T19:30:26,KUJI-PLAYLIVE,ON공식쿠지set.1) DMM 데스노트방송 매주 월~금 14시~19시,,False,73,80,16000,73 left,"KUJI-PLAYLIVE ON공식쿠지set.1) DMM 데스노트방송: 매주 월~금 14시~19시남은 73 / 80장91%₩16,000 / 1장참여하기!","KUJI-PLAYLIVE ON공식쿠지set.1) DMM 데스노트방송: 매주 월~금 14시~19시남은 73 / 80장91%₩16,000 / 1장참여하기!"
2026-10-08T19:30:26,KUJI-PLAYLIVE,DMM 데스노트방송 매주 월~금 14시~19시,,False,73,80,16000,73 left,"set.1) DMM 데스노트방송: 매주 월~금 14시~19시남은 73 / 80장91%₩16,000 / 1장참여하기!","set.1) DMM 데스노트방송: 매주 월~금 14시~19시남은 73 / 80장91%₩16,000 / 1장참여하기!"
2026-10-08T19:30:28,쿠지마루,샵쿠지쿠지마루 원피스 스페셜 쿠지(일판미개봉),,False,54,126,16900,54 left,"쿠지마루즉시구매샵쿠지🎉쿠지마루 원피스 스페셜 쿠지🎉(일판,미개봉)남은 54 / 126장43%₩16,900 / 1장참여하기!","쿠지마루즉시구매샵쿠지🎉쿠지마루 원피스 스페셜 쿠지🎉(일판,미개봉)남은 54 / 126장43%₩16,900 / 1장참여하기!"
2026-10-08T19:30:28,쿠지마루,쿠지마루 원피스 스페셜 쿠지(일판미개봉),,False,54,126,16900,54 left,"🎉쿠지마루 원피스 스페셜 쿠지🎉(일판,미개봉)남은 54 / 126장43%₩16,900 / 1장참여하기!","🎉쿠지마루 원피스 스페셜 쿠지🎉(일판,미개봉)남은 54 / 126장43%₩16,900 / 1장참여하기!"
2026-10-08T19:30:28,KUJI-PLAY,에반게리온 ~사도 습격~,,False,20,80,18000,20 left,"KUJI-PLAY즉시구매공식쿠지set.1) 에반게리온 ~사도, 습격~남은 20 / 80장25%₩18,000 / 1장참여하기!","KUJI-PLAY즉시구매공식쿠지set.1) 에반게리온 ~사도, 습격~남은 20 / 80장25%₩18,000 / 1장참여하기!"
2026-10-08T19:30:28,오레노굿즈,전생했더니 슬라임이었던 건에 대하여 ~창해의 눈물~,,False,33,60,14000,33 left,"오레노굿즈즉시구매공식쿠지set.1) 전생했더니 슬라임이었던 건에 대하여 ~창해의 눈물~남은 33 / 60장55%₩14,000 / 1장참여하기!","오레노굿즈즉시구매공식쿠지set.1) 전생했더니 슬라임이었던 건에 대하여 ~창해의 눈물~남은 33 / 60장55%₩14,000 / 1장참여하기!"
2026-10-08T19:30:28,KUJI-PLAY,명탐정 코난 ~내 마음을 당신께~ 중국한정,,False,63,65,17000,63 left,"KUJI-PLAY즉시구매공식쿠지set.1) 명탐정 코난 ~내 마음을 당신께~ 중국한정남은 63 / 65장97%₩17,000 / 1장참여하기!","KUJI-PLAY즉시구매공식쿠지set.1) 명탐정 코난 ~내 마음을 당신께~ 중국한정남은 63 / 65장97%₩17,000 / 1장참여하기!"
2026-10-08T19:30:28,KUJI-PLAYLIVE,ON공식쿠지set.1) SPY x Family ~weekend~ 중국한정방송 매주 월~금 14시~19시,,False,17,43,18000,17 left,"KUJI-PLAYLIVE ON공식쿠지set.1) SPY x Family ~weekend~ 중국한정방송: 매주 월~금 14시~19시남은 17 / 43장40%₩18,000 / 1장참여하기!","KUJI-PLAYLIVE ON공식쿠지set.1) SPY x Family ~weekend~ 중국한정방송: 매주 월~금 14시~19시남은 17 / 43장40%₩18,000 / 1장참여하기!"
2026-10-08T19:30:28,KUJI-PLAYLIVE,SPY x Family ~weekend~ 중국한정방송 매주 월~금 14시~19시,,False,17,43,18000,17 left,"set.1) SPY x Family ~weekend~ 중국한정방송: 매주 월~금 14시~19시남은 17 / 43장40%₩18,000 / 1장참여하기!","set.1) SPY x Family ~weekend~ 중국한정방송: 매주 월~금 14시~19시남은 17 / 43장40%₩18,000 / 1장참여하기!"
2026-10-08T19:30:28,쿠지마켓,샵쿠지도파민 오리파 쿠지,,False,164,182,9500,164 left,"쿠지마켓즉시구매샵쿠지도파민 오리파 쿠지남은 164 / 182장90%할인₩9,9905%₩9,500 / 1장참여하기!","쿠지마켓즉시구매샵쿠지도파민 오리파 쿠지남은 164 / 182장90%할인₩9,9905%₩9,500 / 1장참여하기!"
2026-10-08T19:30:28,쿠지마켓,도파민 오리파 쿠지,,False,164,182,9500,164 left,"도파민 오리파 쿠지남은 164 / 182장90%할인₩9,9905%₩9,500 / 1장참여하기!","도파민 오리파 쿠지남은 164 / 182장90%할인₩9,9905%₩9,500 / 1장참여하기!"
2026-10-08T19:30:28,KUJI-PLAYLIVE,ON공식쿠지set.2) DMM 데스노트방송 매주 월~금 14시~19시,,False,77,80,16000,77 left,"KUJI-PLAYLIVE ON공식쿠지set.2) DMM 데스노트방송: 매주 월~금 14시~19시남은 77 / 80장96%₩16,000 / 1장참여하기!","KUJI-PLAYLIVE ON공식쿠지set.2) DMM 데스노트방송: 매주 월~금 14시~19시남은 77 / 80장96%₩16,000 / 1장참여하기!"
2026-10-08T19:30:28,쿠지마루,샵쿠지포켓몬 30주년 스페셜 쿠지 마지막까지 박스 찬스!(일판),,False,146,154,15900,146 left,"쿠지마루즉시구매샵쿠지포켓몬 30주년 스페셜 쿠지 | 마지막까지 박스 찬스!(일판)남은 146 / 154장95%₩15,900 / 1장참여하기!","쿠지마루즉시구매샵쿠지포켓몬 30주년 스페셜 쿠지 | 마지막까지 박스 찬스!(일판)남은 146 / 154장95%₩15,900 / 1장참여하기!"
2026-10-08T19:30:28,쿠지마루,포켓몬 30주년 스페셜 쿠지 마지막까지 박스 찬스!(일판),,False,146,154,15900,146 left,"포켓몬 30주년 스페셜 쿠지 | 마지막까지 박스 찬스!(일판)남은 146 / 154장95%₩15,900 / 1장참여하기!","포켓몬 30주년 스페셜 쿠지 | 마지막까지 박스 찬스!(일판)남은 146 / 154장95%₩15,900 / 1장참여하기!"
2026-10-08T19:30:28,KUJI-PLAY,블루록 ~어디셔널 타임!~,,False,23,70,13000,23 left,"KUJI-PLAY즉시구매공식쿠지set.1) 블루록 ~어디셔널 타임!~남은 23 / 70장33%₩13,000 / 1장참여하기!","KUJI-PLAY즉시구매공식쿠지set.1) 블루록 ~어디셔널 타임!~남은 23 / 70장33%₩13,000 / 1장참여하기!"
2026-10-08T19:30:28,KUJI-PLAY,산리오 말의 해 특집 중국한정,,False,77,80,18000,77 left,"KUJI-PLAY즉시구매공식쿠지set.1) 산리오 말의 해 특집 중국한정남은 77 / 80장96%₩18,000 / 1장참여하기!","KUJI-PLAY즉시구매공식쿠지set.1) 산리오 말의 해 특집 중국한정남은 77 / 80장96%₩18,000 / 1장참여하기!"
2026-10-08T19:30:28,Maid쿠지,에반게리온 신극장판 서,,False,27,60,17000,27 left,"Maid쿠지즉시구매공식쿠지set.1) 에반게리온 신극장판 : 서남은 27 / 60장45%₩17,000 / 1장참여하기!","Maid쿠지즉시구매공식쿠지set.1) 에반게리온 신극장판 : 서남은 27 / 60장45%₩17,000 / 1장참여하기!"
2026-10-08T19:30:28,KUJI-PLAY,드래곤볼 HISTORY OF THE FILM,,False,29,80,15000,29 left,"KUJI-PLAY즉시구매공식쿠지set.2) 드래곤볼 HISTORY OF THE FILM남은 29 / 80장36%₩15,000 / 1장참여하기!","KUJI-PLAY즉시구매공식쿠지set.2) 드래곤볼 HISTORY OF THE FILM남은 29 / 80장36%₩15,000 / 1장참여하기!"
2026-10-08T19:30:28,쿠지팝,2)원피스 CARD GAME5회씩 진행시 프로모카드증정,,False,23,70,16000,23 left,"쿠지팝즉시구매공식쿠지#2)원피스 CARD GAME[5회씩 진행시 프로모카드증정]남은 23 / 70장33%₩16,000 / 1장참여하기!","쿠지팝즉시구매공식쿠지#2)원피스 CARD GAME[5회씩 진행시 프로모카드증정]남은 23 / 70장33%₩16,000 / 1장참여하기!"
2026-10-08T19:30:28,KUJI-PLAY,드래곤볼 VS 옴니버스 그레이트,,False,22,80,13000,22 left,"KUJI-PLAY즉시구매공식쿠지set.1) 드래곤볼 VS 옴니버스 그레이트남은 22 / 80장28%₩13,000 / 1장참여하기!","KUJI-PLAY즉시구매공식쿠지set.1) 드래곤볼 VS 옴니버스 그레이트남은 22 / 80장28%₩13,000 / 1장참여하기!"
2026-10-08T19:30:28,KUJI-PLAY,원피스 이모셔널 스토리,,False,42,80,15000,42 left,"KUJI-PLAY즉시구매공식쿠지set.1) 원피스 이모셔널 스토리남은 42 / 80장53%₩15,000 / 1장참여하기!","KUJI-PLAY즉시구매공식쿠지set.1) 원피스 이모셔널 스토리남은 42 / 80장53%₩15,000 / 1장참여하기!"
2026-10-08T19:30:28,KUJI-PLAY,원피스 - 엘바프 편 - GIANT BASH!! Vol.1,,False,38,80,14000,38 left,"KUJI-PLAY즉시구매공식쿠지set.4) 원피스 - 엘바프 편 - GIANT BASH!! Vol.1남은 38 / 80장48%₩14,000 / 1장참여하기!","KUJI-PLAY즉시구매공식쿠지set.4) 원피스 - 엘바프 편 - GIANT BASH!! Vol.1남은 38 / 80장48%₩14,000 / 1장참여하기!"
2026-10-08T19:30:28,KUJI-PLAY,나루토 인형키링 쿠지 중국한정,,False,61,78,19000,61 left,"KUJI-PLAY즉시구매공식쿠지set.2) 나루토 인형키링 쿠지 중국한정남은 61 / 78장78%₩19,000 / 1장참여하기!","KUJI-PLAY즉시구매공식쿠지set.2) 나루토 인형키링 쿠지 중국한정남은 61 / 78장78%₩19,000 / 1장참여하기!"
2026-10-08T19:30:28,KUJI-PLAY,원피스 vol.100 Anniversary,,False,55,80,16000,55 left,"KUJI-PLAY즉시구매공식쿠지set.1) 원피스 vol.100 Anniversary남은 55 / 80장69%₩16,000 / 1장참여하기!","KUJI-PLAY즉시구매공식쿠지set.1) 원피스 vol.100 Anniversary남은 55 / 80장69%₩16,000 / 1장참여하기!"
2026-10-08T19:30:28,쿠지모리,원피스 - 엘바프 편 - GIANT BASH!! Vol.1,,False,32,80,12000,32 left,"쿠지모리즉시구매공식쿠지원피스 - 엘바프 편 - GIANT BASH!! Vol.1남은 32 / 80장40%할인₩14,00014%₩12,000 / 1장참여하기!","쿠지모리즉시구매공식쿠지원피스 - 엘바프 편 - GIANT BASH!! Vol.1남은 32 / 80장40%할인₩14,00014%₩12,000 / 1장참여하기!"
2026-10-08T19:30:28,KUJI-PLAY,승리의 여신 NIKKE ~시골에서 보내는 편안한 여름방학~,,False,71,80,12000,71 left,"KUJI-PLAY즉시구매공식쿠지set.2) 승리의 여신 : NIKKE ~시골에서 보내는 편안한 여름방학~남은 71 / 80장89%₩12,000 / 1장참여하기!","KUJI-PLAY즉시구매공식쿠지set.2) 승리의 여신 : NIKKE ~시골에서 보내는 편안한 여름방학~남은 71 / 80장89%₩12,000 / 1장참여하기!"
2026-10-08T19:30:28,EG마켓,데스노트 DMM쿠지 아마네 미사 피규어 쿠지,,False,41,80,13000,41 left,"EG마켓즉시구매공식쿠지데스노트 DMM쿠지 | 아마네 미사 피규어 쿠지남은 41 / 80장51%할인₩16,00019%₩13,000 / 1장참여하기!","EG마켓즉시구매공식쿠지데스노트 DMM쿠지 | 아마네 미사 피규어 쿠지남은 41 / 80장51%할인₩16,00019%₩13,000 / 1장참여하기!"
2026-10-08T19:30:28,KUJI-PLAY,원피스 와노쿠니편 ~제2막~,,False,74,80,19000,74 left,"KUJI-PLAY즉시구매공식쿠지set.1) 원피스 와노쿠니편 ~제2막~남은 74 / 80장93%₩19,000 / 1장참여하기!","KUJI-PLAY즉시구매공식쿠지set.1) 원피스 와노쿠니편 ~제2막~남은 74 / 80장93%₩19,000 / 1장참여하기!"
2026-10-08T19:30:28,Maid쿠지,원피스 - 엘바프 편 - GIANT BASH!! Vol.1,,False,67,80,14000,67 left,"Maid쿠지즉시구매공식쿠지set.1) 원피스 - 엘바프 편 - GIANT BASH!! Vol.1남은 67 / 80장84%₩14,000 / 1장참여하기!","Maid쿠지즉시구매공식쿠지set.1) 원피스 - 엘바프 편 - GIANT BASH!! Vol.1남은 67 / 80장84%₩14,000 / 1장참여하기!"
2026-10-08T19:30:28,쿠지팝,진격의 거인 ~ 선택과 결과 ~,,False,43,50,13000,43 left,"쿠지팝즉시구매공식쿠지진격의 거인 ~ 선택과 결과 ~남은 43 / 50장86%₩13,000 / 1장참여하기!","쿠지팝즉시구매공식쿠지진격의 거인 ~ 선택과 결과 ~남은 43 / 50장86%₩13,000 / 1장참여하기!"
2026-10-08T19:30:28,쿠지팝,우마무스메 프리티더비 13탄,,False,12,70,16000,12 left,"쿠지팝즉시구매공식쿠지우마무스메 프리티더비 13탄남은 12 / 70장17%₩16,000 / 1장참여하기!","쿠지팝즉시구매공식쿠지우마무스메 프리티더비 13탄남은 12 / 70장17%₩16,000 / 1장참여하기!"
2026-10-08T19:30:28,오레노굿즈,커비 PUPUPU GOURMET,,False,53,70,13000,53 left,"오레노굿즈즉시구매공식쿠지set.1) 커비 PUPUPU GOURMET남은 53 / 70장76%₩13,000 / 1장참여하기!","오레노굿즈즉시구매공식쿠지set.1) 커비 PUPUPU GOURMET남은 53 / 70장76%₩13,000 / 1장참여하기!"
2026-10-08T19:30:28,쿠지팝,죠죠의 기묘한 모험 ~steel ball run~,,False,63,80,16000,63 left,"쿠지팝즉시구매공식쿠지죠죠의 기묘한 모험 ~steel ball run~남은 63 / 80장79%₩16,000 / 1장참여하기!","쿠지팝즉시구매공식쿠지죠죠의 기묘한 모험 ~steel ball run~남은 63 / 80장79%₩16,000 / 1장참여하기!"
2026-10-08T19:30:28,KUJI-PLAY,짱구는 못말려 ~떡잎마을 놀이축제~,,False,20,53,17000,20 left,"KUJI-PLAY즉시구매공식쿠지set.3) 짱구는 못말려 ~떡잎마을 놀이축제~남은 20 / 53장38%₩17,000 / 1장참여하기!","KUJI-PLAY즉시구매공식쿠지set.3) 짱구는 못말려 ~떡잎마을 놀이축제~남은 20 / 53장38%₩17,000 / 1장참여하기!"
2026-10-08T19:30:28,토이모리,샵쿠지드래곤볼 레드리본군,,False,191,198,8000,191 left,"토이모리즉시구매샵쿠지드래곤볼 레드리본군남은 191 / 198장96%할인₩10,00020%₩8,000 / 1장참여하기!","토이모리즉시구매샵쿠지드래곤볼 레드리본군남은 191 / 198장96%할인₩10,00020%₩8,000 / 1장참여하기!"
2026-10-08T19:30:28,토이모리,드래곤볼 레드리본군,,False,191,198,8000,191 left,"드래곤볼 레드리본군남은 191 / 198장96%할인₩10,00020%₩8,000 / 1장참여하기!","드래곤볼 레드리본군남은 191 / 198장96%할인₩10,00020%₩8,000 / 1장참여하기!"
2026-10-08T19:30:28,EG마켓,원피스 - 모험의 기억과 미래로의 항로 -,,False,64,80,15000,64 left,"EG마켓즉시구매공식쿠지원피스 - 모험의 기억과 미래로의 항로 -남은 64 / 80장80%₩15,000 / 1장참여하기!","EG마켓즉시구매공식쿠지원피스 - 모험의 기억과 미래로의 항로 -남은 64 / 80장80%₩15,000 / 1장참여하기!"
2026-10-08T19:30:28,쿠지팝,3)원피스 빨간머리 해적단,,False,44,80,15000,44 left,"쿠지팝즉시구매공식쿠지#3)원피스 빨간머리 해적단남은 44 / 80장55%할인₩16,0006%₩15,000 / 1장참여하기!","쿠지팝즉시구매공식쿠지#3)원피스 빨간머리 해적단남은 44 / 80장55%할인₩16,0006%₩15,000 / 1장참여하기!"
2026-10-08T19:30:28,KUJI-PLAY,드래곤볼 SNAP COLLECTION,,False,21,80,16000,21 left,"KUJI-PLAY즉시구매공식쿠지set.1) 드래곤볼 SNAP COLLECTION남은 21 / 80장26%₩16,000 / 1장참여하기!","KUJI-PLAY즉시구매공식쿠지set.1) 드래곤볼 SNAP COLLECTION남은 21 / 80장26%₩16,000 / 1장참여하기!"
2026-10-08T19:30:28,쿠지팝,드래곤볼 the chronicle of goku,,False,50,80,15000,50 left,"쿠지팝즉시구매공식쿠지드래곤볼 the chronicle of goku남은 50 / 80장63%₩15,000 / 1장참여하기!","쿠지팝즉시구매공식쿠지드래곤볼 the chronicle of goku남은 50 / 80장63%₩15,000 / 1장참여하기!"
2026-10-08T19:30:28,KUJI-PLAY,드래곤볼 다이마 1탄,,False,54,80,13000,54 left,"KUJI-PLAY즉시구매공식쿠지set.1) 드래곤볼 다이마 1탄남은 54 / 80장68%₩13,000 / 1장참여하기!","KUJI-PLAY즉시구매공식쿠지set.1) 드래곤볼 다이마 1탄남은 54 / 80장68%₩13,000 / 1장참여하기!"
2026-10-08T19:30:28,KUJI-PLAY,여친 빌리겠습니다. 만족도3,,False,63,80,12000,63 left,"KUJI-PLAY즉시구매공식쿠지set.1) 여친, 빌리겠습니다. 만족도3남은 63 / 80장79%₩12,000 / 1장참여하기!","KUJI-PLAY즉시구매공식쿠지set.1) 여친, 빌리겠습니다. 만족도3남은 63 / 80장79%₩12,000 / 1장참여하기!"
2026-10-08T19:30:28,KUJI-PLAY,원피스 장인의 계보 -결투의 기억-,,False,61,80,16000,61 left,"KUJI-PLAY즉시구매공식쿠지set.1) 원피스 장인의 계보 -결투의 기억-남은 61 / 80장76%₩16,000 / 1장참여하기!","KUJI-PLAY즉시구매공식쿠지set.1) 원피스 장인의 계보 -결투의 기억-남은 61 / 80장76%₩16,000 / 1장참여하기!"
2026-10-08T19:30:28,KUJI-PLAY,주술회전 한낮의 시간 황혼의 시간,,False,50,70,15000,50 left,"KUJI-PLAY즉시구매공식쿠지set.1) 주술회전 한낮의 시간, 황혼의 시간남은 50 / 70장71%₩15,000 / 1장참여하기!","KUJI-PLAY즉시구매공식쿠지set.1) 주술회전 한낮의 시간, 황혼의 시간남은 50 / 70장71%₩15,000 / 1장참여하기!"
2026-10-08T19:30:28,피가쿠지,스폰지밥 ~환영 비키니시티에!~,,False,47,66,15000,47 left,"피가쿠지즉시구매공식쿠지스폰지밥 ~환영 비키니시티에!~남은 47 / 66장71%₩15,000 / 1장참여하기!","피가쿠지즉시구매공식쿠지스폰지밥 ~환영 비키니시티에!~남은 47 / 66장71%₩15,000 / 1장참여하기!"
2026-10-08T19:30:33,KUJI-PLAY,원피스 전설의 영웅,,False,69,70,17000,69 left,"KUJI-PLAY즉시구매공식쿠지set.1) 원피스 전설의 영웅남은 69 / 70장99%₩17,000 / 1장참여하기!","KUJI-PLAY즉시구매공식쿠지set.1) 원피스 전설의 영웅남은 69 / 70장99%₩17,000 / 1장참여하기!"
2026-10-08T19:30:33,KUJI-PLAY,홀로라이브 ~ RPG Style ~,,False,71,80,17000,71 left,"KUJI-PLAY즉시구매공식쿠지set.1) 홀로라이브 ~ RPG Style ~남은 71 / 80장89%₩17,000 / 1장참여하기!","KUJI-PLAY즉시구매공식쿠지set.1) 홀로라이브 ~ RPG Style ~남은 71 / 80장89%₩17,000 / 1장참여하기!"
2026-10-08T19:30:33,KUJI-PLAYLIVE,ON공식쿠지set.2) 하츠네미쿠 2026 아쿠아리움방송 매주 월~금 14시~19시,,False,73,73,19000,73 left,"KUJI-PLAYLIVE ON공식쿠지set.2) 하츠네미쿠 2026 아쿠아리움방송: 매주 월~금 14시~19시남은 73 / 73장100%₩19,000 / 1장참여하기!","KUJI-PLAYLIVE ON공식쿠지set.2) 하츠네미쿠 2026 아쿠아리움방송: 매주 월~금 14시~19시남은 73 / 73장100%₩19,000 / 1장참여하기!"
2026-10-08T19:30:33,KUJI-PLAYLIVE,하츠네미쿠 2026 아쿠아리움방송 매주 월~금 14시~19시,,False,73,73,19000,73 left,"set.2) 하츠네미쿠 2026 아쿠아리움방송: 매주 월~금 14시~19시남은 73 / 73장100%₩19,000 / 1장참여하기!","set.2) 하츠네미쿠 2026 아쿠아리움방송: 매주 월~금 14시~19시남은 73 / 73장100%₩19,000 / 1장참여하기!"
2026-10-08T19:30:33,KUJI-PLAY,도라에몽 중국한정,,False,11,49,17000,11 left,"KUJI-PLAY즉시구매공식쿠지set.1) 도라에몽 중국한정남은 11 / 49장22%₩17,000 / 1장참여하기!","KUJI-PLAY즉시구매공식쿠지set.1) 도라에몽 중국한정남은 11 / 49장22%₩17,000 / 1장참여하기!"
2026-10-08T19:30:33,KUJI-PLAYLIVE,ON공식쿠지set.1) 하츠네미쿠 애니멀파티 중국한정방송 매주 월~금 14시~19시,,False,50,65,17000,50 left,"KUJI-PLAYLIVE ON공식쿠지set.1) 하츠네미쿠 애니멀파티 중국한정방송: 매주 월~금 14시~19시남은 50 / 65장77%₩17,000 / 1장참여하기!","KUJI-PLAYLIVE ON공식쿠지set.1) 하츠네미쿠 애니멀파티 중국한정방송: 매주 월~금 14시~19시남은 50 / 65장77%₩17,000 / 1장참여하기!"
2026-10-08T19:30:33,KUJI-PLAYLIVE,하츠네미쿠 애니멀파티 중국한정방송 매주 월~금 14시~19시,,False,50,65,17000,50 left,"set.1) 하츠네미쿠 애니멀파티 중국한정방송: 매주 월~금 14시~19시남은 50 / 65장77%₩17,000 / 1장참여하기!","set.1) 하츠네미쿠 애니멀파티 중국한정방송: 매주 월~금 14시~19시남은 50 / 65장77%₩17,000 / 1장참여하기!"
2026-10-08T19:30:33,KUJI-PLAY,드래곤볼 SUPER DRAGONBALL HEROES 4TH MISSION,,False,64,80,17000,64 left,"KUJI-PLAY즉시구매공식쿠지set.1) 드래곤볼 SUPER DRAGONBALL HEROES 4TH MISSION남은 64 / 80장80%₩17,000 / 1장참여하기!","KUJI-PLAY즉시구매공식쿠지set.1) 드래곤볼 SUPER DRAGONBALL HEROES 4TH MISSION남은 64 / 80장80%₩17,000 / 1장참여하기!"
2026-10-08T19:30:33,KUJI-PLAY,죠죠의 기묘한 모험 ~steel ball run~,,False,69,80,17000,69 left,"KUJI-PLAY즉시구매공식쿠지set.1) 죠죠의 기묘한 모험 ~steel ball run~남은 69 / 80장86%₩17,000 / 1장참여하기!","KUJI-PLAY즉시구매공식쿠지set.1) 죠죠의 기묘한 모험 ~steel ball run~남은 69 / 80장86%₩17,000 / 1장참여하기!"
2026-10-08T19:30:33,피가쿠지,해피쿠지 산리오 펑크 파티 할로윈 2026,,False,74,80,17000,74 left,"피가쿠지즉시구매공식쿠지해피쿠지 산리오 펑크 파티 할로윈 2026남은 74 / 80장93%₩17,000 / 1장참여하기!","피가쿠지즉시구매공식쿠지해피쿠지 산리오 펑크 파티 할로윈 2026남은 74 / 80장93%₩17,000 / 1장참여하기!"
2026-10-08T19:30:33,KUJI-PLAY,드래곤볼 DRAGON HISTORY 2,,False,69,80,14000,69 left,"KUJI-PLAY즉시구매공식쿠지set.1) 드래곤볼 DRAGON HISTORY 2남은 69 / 80장86%₩14,000 / 1장참여하기!","KUJI-PLAY즉시구매공식쿠지set.1) 드래곤볼 DRAGON HISTORY 2남은 69 / 80장86%₩14,000 / 1장참여하기!"
2026-10-08T19:30:33,KUJI-PLAY,학원 아이돌 마스터 part.4,,False,67,80,12000,67 left,"KUJI-PLAY즉시구매공식쿠지set.1) 학원 아이돌 마스터 part.4남은 67 / 80장84%₩12,000 / 1장참여하기!","KUJI-PLAY즉시구매공식쿠지set.1) 학원 아이돌 마스터 part.4남은 67 / 80장84%₩12,000 / 1장참여하기!"
2026-10-08T19:30:33,피가쿠지,홀로라이브 ~ RPG Style ~,,False,17,80,7000,17 left,"피가쿠지즉시구매공식쿠지홀로라이브 ~ RPG Style ~남은 17 / 80장21%할인₩10,00030%₩7,000 / 1장참여하기!","피가쿠지즉시구매공식쿠지홀로라이브 ~ RPG Style ~남은 17 / 80장21%할인₩10,00030%₩7,000 / 1장참여하기!"
2026-10-08T19:30:33,KUJI-PLAY,산리오 여름친구들 시리즈 중국한정,,False,36,36,17000,36 left,"KUJI-PLAY즉시구매공식쿠지set.1) 산리오 여름친구들 시리즈 중국한정남은 36 / 36장100%₩17,000 / 1장참여하기!","KUJI-PLAY즉시구매공식쿠지set.1) 산리오 여름친구들 시리즈 중국한정남은 36 / 36장100%₩17,000 / 1장참여하기!"
2026-10-08T19:30:33,오레노굿즈,스트리트파이터6,,False,71,80,14000,71 left,"오레노굿즈즉시구매공식쿠지set.1) 스트리트파이터6남은 71 / 80장89%₩14,000 / 1장참여하기!","오레노굿즈즉시구매공식쿠지set.1) 스트리트파이터6남은 71 / 80장89%₩14,000 / 1장참여하기!"
2026-10-08T19:30:33,KUJI-PLAY,원피스 The throne of power,,False,70,70,18000,70 left,"KUJI-PLAY즉시구매공식쿠지set.1) 원피스 The throne of power남은 70 / 70장100%₩18,000 / 1장참여하기!","KUJI-PLAY즉시구매공식쿠지set.1) 원피스 The throne of power남은 70 / 70장100%₩18,000 / 1장참여하기!"
2026-10-08T19:30:33,KUJI-PLAY,하츠네미쿠 2026 아쿠아리움,,False,65,73,19000,65 left,"KUJI-PLAY즉시구매공식쿠지set.1) 하츠네미쿠 2026 아쿠아리움남은 65 / 73장89%₩19,000 / 1장참여하기!","KUJI-PLAY즉시구매공식쿠지set.1) 하츠네미쿠 2026 아쿠아리움남은 65 / 73장89%₩19,000 / 1장참여하기!"
2026-10-08T19:30:33,KUJI-PLAY,쿠로미마이멜로디 정원시리즈 중국한정,,False,54,70,14000,54 left,"KUJI-PLAY즉시구매공식쿠지set.1) 쿠로미&마이멜로디 정원시리즈 중국한정남은 54 / 70장77%₩14,000 / 1장참여하기!","KUJI-PLAY즉시구매공식쿠지set.1) 쿠로미&마이멜로디 정원시리즈 중국한정남은 54 / 70장77%₩14,000 / 1장참여하기!"
2026-10-08T19:30:33,쿠지모리,진격의 거인 ~ 선택과 결과 ~,,False,36,50,12500,36 left,"쿠지모리즉시구매공식쿠지진격의 거인 ~ 선택과 결과 ~남은 36 / 50장72%할인₩13,0004%₩12,500 / 1장참여하기!","쿠지모리즉시구매공식쿠지진격의 거인 ~ 선택과 결과 ~남은 36 / 50장72%할인₩13,0004%₩12,500 / 1장참여하기!"
2026-10-08T19:30:33,피가쿠지,오버로드,,False,54,70,16000,54 left,"피가쿠지즉시구매공식쿠지오버로드남은 54 / 70장77%할인₩17,0006%₩16,000 / 1장참여하기!","피가쿠지즉시구매공식쿠지오버로드남은 54 / 70장77%할인₩17,0006%₩16,000 / 1장참여하기!"
2026-10-08T19:30:33,KUJI-PLAY,2024 용의 해 십이지신 건담 중국한정,,False,50,76,17000,50 left,"KUJI-PLAY즉시구매공식쿠지set.1) 2024 용의 해 십이지신 건담 중국한정남은 50 / 76장66%₩17,000 / 1장참여하기!","KUJI-PLAY즉시구매공식쿠지set.1) 2024 용의 해 십이지신 건담 중국한정남은 50 / 76장66%₩17,000 / 1장참여하기!"
2026-10-08T19:30:33,오레노굿즈,톰과제리 colorful funny time!,,False,57,70,13000,57 left,"오레노굿즈즉시구매공식쿠지set.1) 톰과제리 colorful funny time!남은 57 / 70장81%₩13,000 / 1장참여하기!","오레노굿즈즉시구매공식쿠지set.1) 톰과제리 colorful funny time!남은 57 / 70장81%₩13,000 / 1장참여하기!"
2026-10-08T19:30:33,,LIVE공식쿠지포챠코아히루노페클 아타리쿠지,,False,62,70,16000,62 left,"토이모리LIVE OFF공식쿠지포챠코&아히루노페클 아타리쿠지남은 62 / 70장89%₩16,000 / 1장참여하기!","토이모리LIVE OFF공식쿠지포챠코&아히루노페클 아타리쿠지남은 62 / 70장89%₩16,000 / 1장참여하기!"
2026-10-08T19:30:33,,포챠코아히루노페클 아타리쿠지,,False,62,70,16000,62 left,"포챠코&아히루노페클 아타리쿠지남은 62 / 70장89%₩16,000 / 1장참여하기!","포챠코&아히루노페클 아타리쿠지남은 62 / 70장89%₩16,000 / 1장참여하기!"
2026-10-08T19:30:33,쿠지모리,DMM 데스노트 2,,False,59,80,16000,59 left,"쿠지모리즉시구매공식쿠지DMM 데스노트 #2남은 59 / 80장74%₩16,000 / 1장참여하기!","쿠지모리즉시구매공식쿠지DMM 데스노트 #2남은 59 / 80장74%₩16,000 / 1장참여하기!"
2026-10-08T19:30:33,KUJI-PLAY,산리오 Oh Yeah! 중국한정,,False,63,70,15000,63 left,"KUJI-PLAY즉시구매공식쿠지set.2) 산리오 Oh Yeah! 중국한정남은 63 / 70장90%₩15,000 / 1장참여하기!","KUJI-PLAY즉시구매공식쿠지set.2) 산리오 Oh Yeah! 중국한정남은 63 / 70장90%₩15,000 / 1장참여하기!"
2026-10-08T19:30:33,KUJI-PLAY,쿠로미 20th Anniversary 중국한정,,False,54,80,17000,54 left,"KUJI-PLAY즉시구매공식쿠지set.2) 쿠로미 20th Anniversary 중국한정남은 54 / 80장68%₩17,000 / 1장참여하기!","KUJI-PLAY즉시구매공식쿠지set.2) 쿠로미 20th Anniversary 중국한정남은 54 / 80장68%₩17,000 / 1장참여하기!"
2026-10-08T19:30:33,KUJI-PLAY,골든카무이 ~금괴쟁탈전~,,False,78,80,15000,78 left,"KUJI-PLAY즉시구매공식쿠지set.1) 골든카무이 ~금괴쟁탈전~남은 78 / 80장98%₩15,000 / 1장참여하기!","KUJI-PLAY즉시구매공식쿠지set.1) 골든카무이 ~금괴쟁탈전~남은 78 / 80장98%₩15,000 / 1장참여하기!"
2026-10-08T19:30:33,KUJI-PLAYLIVE,ON공식쿠지set.1) 사쿠라미쿠 벚꽃전선 중국 한정방송 매주 월~금 14시~19시,,False,40,46,13000,40 left,"KUJI-PLAYLIVE ON공식쿠지set.1) 사쿠라미쿠 벚꽃전선 중국 한정방송: 매주 월~금 14시~19시남은 40 / 46장87%₩13,000 / 1장참여하기!","KUJI-PLAYLIVE ON공식쿠지set.1) 사쿠라미쿠 벚꽃전선 중국 한정방송: 매주 월~금 14시~19시남은 40 / 46장87%₩13,000 / 1장참여하기!"
2026-10-08T19:30:33,KUJI-PLAYLIVE,사쿠라미쿠 벚꽃전선 중국 한정방송 매주 월~금 14시~19시,,False,40,46,13000,40 left,"set.1) 사쿠라미쿠 벚꽃전선 중국 한정방송: 매주 월~금 14시~19시남은 40 / 46장87%₩13,000 / 1장참여하기!","set.1) 사쿠라미쿠 벚꽃전선 중국 한정방송: 매주 월~금 14시~19시남은 40 / 46장87%₩13,000 / 1장참여하기!"
2026-10-08T19:30:33,쿠지모리,아타리쿠지 한교동,,False,44,70,16000,44 left,"쿠지모리즉시구매공식쿠지아타리쿠지 한교동남은 44 / 70장63%₩16,000 / 1장참여하기!","쿠지모리즉시구매공식쿠지아타리쿠지 한교동남은 44 / 70장63%₩16,000 / 1장참여하기!"
2026-10-08T19:30:33,KUJI-PLAY,진격의 거인 ~ 선택과 결과 ~,,False,44,50,13000,44 left,"KUJI-PLAY즉시구매공식쿠지set.2) 진격의 거인 ~ 선택과 결과 ~남은 44 / 50장88%₩13,000 / 1장참여하기!","KUJI-PLAY즉시구매공식쿠지set.2) 진격의 거인 ~ 선택과 결과 ~남은 44 / 50장88%₩13,000 / 1장참여하기!"
2026-10-08T19:30:33,피가쿠지,진격의 거인 ~ 선택과 결과 ~,,False,49,50,12000,49 left,"피가쿠지즉시구매공식쿠지진격의 거인 ~ 선택과 결과 ~남은 49 / 50장98%할인₩13,0008%₩12,000 / 1장참여하기!","피가쿠지즉시구매공식쿠지진격의 거인 ~ 선택과 결과 ~남은 49 / 50장98%할인₩13,0008%₩12,000 / 1장참여하기!"
2026-10-08T19:30:33,Maid쿠지,블루록 ~어디셔널 타임!~,,False,67,70,14000,67 left,"Maid쿠지즉시구매공식쿠지set.1) 블루록 ~어디셔널 타임!~남은 67 / 70장96%₩14,000 / 1장참여하기!","Maid쿠지즉시구매공식쿠지set.1) 블루록 ~어디셔널 타임!~남은 67 / 70장96%₩14,000 / 1장참여하기!"
2026-10-08T19:30:33,KUJI-PLAY,윈드브레이커 원작 5주년,,False,71,75,15000,71 left,"KUJI-PLAY즉시구매공식쿠지set.2) 윈드브레이커 원작 5주년남은 71 / 75장95%₩15,000 / 1장참여하기!","KUJI-PLAY즉시구매공식쿠지set.2) 윈드브레이커 원작 5주년남은 71 / 75장95%₩15,000 / 1장참여하기!"
2026-10-08T19:30:33,피가쿠지,공각기동대 THE GHOST IN THE SHELL,,False,70,70,16000,70 left,"피가쿠지즉시구매공식쿠지공각기동대 THE GHOST IN THE SHELL남은 70 / 70장100%할인₩17,0006%₩16,000 / 1장참여하기!","피가쿠지즉시구매공식쿠지공각기동대 THE GHOST IN THE SHELL남은 70 / 70장100%할인₩17,0006%₩16,000 / 1장참여하기!"
2026-10-08T19:30:33,KUJI-PLAY,산리오 봄꽃 컬렉션 중국한정,,False,75,80,19000,75 left,"KUJI-PLAY즉시구매공식쿠지set.2) 산리오 봄꽃 컬렉션 중국한정남은 75 / 80장94%₩19,000 / 1장참여하기!","KUJI-PLAY즉시구매공식쿠지set.2) 산리오 봄꽃 컬렉션 중국한정남은 75 / 80장94%₩19,000 / 1장참여하기!"
2026-10-08T19:30:33,KUJI-PLAYLIVE,ON공식쿠지set.1) 나루토 인형키링 쿠지 중국한정방송 매주 월~금 14시~19시,,False,78,78,19000,78 left,"KUJI-PLAYLIVE ON공식쿠지set.1) 나루토 인형키링 쿠지 중국한정방송: 매주 월~금 14시~19시남은 78 / 78장100%₩19,000 / 1장참여하기!","KUJI-PLAYLIVE ON공식쿠지set.1) 나루토 인형키링 쿠지 중국한정방송: 매주 월~금 14시~19시남은 78 / 78장100%₩19,000 / 1장참여하기!"
2026-10-08T19:30:33,KUJI-PLAYLIVE,나루토 인형키링 쿠지 중국한정방송 매주 월~금 14시~19시,,False,78,78,19000,78 left,"set.1) 나루토 인형키링 쿠지 중국한정방송: 매주 월~금 14시~19시남은 78 / 78장100%₩19,000 / 1장참여하기!","set.1) 나루토 인형키링 쿠지 중국한정방송: 매주 월~금 14시~19시남은 78 / 78장100%₩19,000 / 1장참여하기!"
2026-10-08T19:30:33,KUJI-PLAY,Spy x Family 중국한정 vol.2,,False,80,80,17000,80 left,"KUJI-PLAY즉시구매공식쿠지set.1) Spy x Family 중국한정 vol.2남은 80 / 80장100%₩17,000 / 1장참여하기!","KUJI-PLAY즉시구매공식쿠지set.1) Spy x Family 중국한정 vol.2남은 80 / 80장100%₩17,000 / 1장참여하기!"
2026-10-08T19:30:33,KUJI-PLAY,미쿠 벚꽃전선 중국 한정 쿠지,,False,45,46,13000,45 left,"KUJI-PLAY즉시구매공식쿠지set.5) 미쿠 벚꽃전선 중국 한정 쿠지남은 45 / 46장98%₩13,000 / 1장참여하기!","KUJI-PLAY즉시구매공식쿠지set.5) 미쿠 벚꽃전선 중국 한정 쿠지남은 45 / 46장98%₩13,000 / 1장참여하기!"
